photograph,row,column,loc,ratio1,ratio2,date,time,treatment,cw/rw,CFUs lower,MCH lower,NP lower,CFUs middle,MCH middle,NP middle,CFUs upper,MCH upper,NP upper,alternative CFUs lower,alternative MCH lower, alternative NP lower, alternative CFUs middle, alternative MCH middle,alternative NP middle,alternative CFUs upper,alternative MCH upper,alternative NP upper
P123_type_ratio1_ratio2_ND_date_treatment_time_rotation.png,a,12,"('a', 12)",ratio1,ratio2,date,time,treatment,rotation,21.014008911521323,7.884068746021642,13.129940165499681,13.844825824022626,5.194323416958515,8.650502407064112,8.43627109730144,3.165133391312757,5.271137705988683,35.62759214871102,13.366815772199237,22.260776376511778,13.844825824022626,5.194323416958515,8.650502407064112,9.804529524396688,3.6784787290330607,6.1260507953636285
P123_type_ratio1_ratio2_ND_date_treatment_time_rotation.png,a,11,"('a', 11)",ratio1,ratio2,date,time,treatment,rotation,0.7985537873965627,0.0008249522597071928,0.7977288351368554,0.5261175125683627,0.0005435098270334326,0.5255740027413293,0.32058691250295585,0.00033118482696586346,0.32025572767599,0,0,0,0.5261175125683627,0.0005435098270334326,0.5255740027413293,0,0,0
P123_type_ratio1_ratio2_ND_date_treatment_time_rotation.png,a,10,"('a', 10)",ratio1,ratio2,date,time,treatment,rotation,0.06187141947803946,0.0,0.06187141947803946,0.04076323702750744,0.0,0.04076323702750744,0.024838862022439758,0.0,0.024838862022439758,0,0,0,0.04076323702750744,0.0,0.04076323702750744,0,0,0
P123_type_ratio1_ratio2_ND_date_treatment_time_rotation.png,a,9,"('a', 9)",ratio1,ratio2,date,time,treatment,rotation,11.612028007638447,5.245871419478039,6.366156588160407,7.650444325322597,3.4561789901055975,4.194265335216999,4.661757624371494,2.1060043146759257,2.5557533096955685,11.612028007638447,5.245871419478039,6.366156588160407,7.650444325322597,3.4561789901055975,4.194265335216999,7.650444325322597,3.4561789901055975,4.194265335216999
P123_type_ratio1_ratio2_ND_date_treatment_time_rotation.png,a,8,"('a', 8)",ratio1,ratio2,date,time,treatment,rotation,0.28460852959898153,0.0,0.28460852959898153,0.18751089032653423,0.0,0.18751089032653423,0.11425876530322289,0.0,0.11425876530322289,0,0,0,0.18751089032653423,0.0,0.18751089032653423,0,0,0
P123_type_ratio1_ratio2_ND_date_treatment_time_rotation.png,a,7,"('a', 7)",ratio1,ratio2,date,time,treatment,rotation,5.347340547422024,2.468257161043921,2.879083386378103,3.5230306988307096,1.6261814024840302,1.8968492963466796,2.146740048392727,0.9909050022818635,1.1558350461108635,2.4949146302806633,1.1516174905584302,1.343297139722233,3.5230306988307096,1.6261814024840302,1.8968492963466796,2.4949146302806633,1.1516174905584302,1.343297139722233
P123_type_ratio1_ratio2_ND_date_treatment_time_rotation.png,a,6,"('a', 6)",ratio1,ratio2,date,time,treatment,rotation,0.24501082113303627,0.0,0.24501082113303627,0.16142241862892948,0.0,0.16142241862892948,0.09836189360886145,0.0,0.09836189360886145,0,0,0,0.16142241862892948,0.0,0.16142241862892948,0,0,0
P123_type_ratio1_ratio2_ND_date_treatment_time_rotation.png,a,5,"('a', 5)",ratio1,ratio2,date,time,treatment,rotation,0.07754551241247612,0.0,0.07754551241247612,0.05108992374114266,0.0,0.05108992374114266,0.031131373734791166,0.0,0.031131373734791166,0,0,0,0.05108992374114266,0.0,0.05108992374114266,0,0,0
P123_type_ratio1_ratio2_ND_date_treatment_time_rotation.png,a,4,"('a', 4)",ratio1,ratio2,date,time,treatment,rotation,0.09569446212603437,0.0,0.09569446212603437,0.06304713993587817,0.0,0.06304713993587817,0.03841743992804016,0.0,0.03841743992804016,0,0,0,0.06304713993587817,0.0,0.06304713993587817,0,0,0
P123_type_ratio1_ratio2_ND_date_treatment_time_rotation.png,a,3,"('a', 3)",ratio1,ratio2,date,time,treatment,rotation,0.16334054742202417,0.0,0.16334054742202417,0.10761494575261964,0.0,0.10761494575261964,0.06557459573924096,0.0,0.06557459573924096,0,0,0,0.10761494575261964,0.0,0.10761494575261964,0,0,0
P123_type_ratio1_ratio2_ND_date_treatment_time_rotation.png,a,2,"('a', 2)",ratio1,ratio2,date,time,treatment,rotation,0.6871852323360916,0.0,0.6871852323360916,0.4527436859188493,0.0,0.4527436859188493,0.27587696086256425,0.0,0.27587696086256425,0,0,0,0.4527436859188493,0.0,0.4527436859188493,0,0,0
P123_type_ratio1_ratio2_ND_date_treatment_time_rotation.png,a,1,"('a', 1)",ratio1,ratio2,date,time,treatment,rotation,9.80043284532145,3.3781795035009545,6.422253341820496,6.456896745157178,2.2256727417019064,4.231224003455273,3.934475744354458,1.356201866425211,2.578273877929247,9.80043284532145,3.3781795035009545,6.422253341820496,6.456896745157178,2.2256727417019064,4.231224003455273,4.572598859570237,1.5761609705336805,2.9964378890365575
P123_type_ratio1_ratio2_ND_date_treatment_time_rotation.png,b,12,"('b', 12)",ratio1,ratio2,date,time,treatment,rotation,0.39927689369828134,0.0,0.39927689369828134,0.26305875628418135,0.0,0.26305875628418135,0.16029345625147792,0.0,0.16029345625147792,0,0,0,0.26305875628418135,0.0,0.26305875628418135,0,0,0
P123_type_ratio1_ratio2_ND_date_treatment_time_rotation.png,b,11,"('b', 11)",ratio1,ratio2,date,time,treatment,rotation,0.0032998090388287713,0.0,0.0032998090388287713,0.0021740393081337303,0.0,0.0021740393081337303,0.0013247393078634538,0.0,0.0013247393078634538,0,0,0,0.0021740393081337303,0.0,0.0021740393081337303,0,0,0
P123_type_ratio1_ratio2_ND_date_treatment_time_rotation.png,b,10,"('b', 10)",ratio1,ratio2,date,time,treatment,rotation,0.0,0.0,0.0,0.0,0.0,0.0,0.0,0.0,0.0,0,0,0,0.0,0.0,0.0,0,0,0
P123_type_ratio1_ratio2_ND_date_treatment_time_rotation.png,b,9,"('b', 9)",ratio1,ratio2,date,time,treatment,rotation,0.00907447485677912,0.0,0.00907447485677912,0.005978608097367758,0.0,0.005978608097367758,0.003643033096624498,0.0,0.003643033096624498,0,0,0,0.005978608097367758,0.0,0.005978608097367758,0,0,0
P123_type_ratio1_ratio2_ND_date_treatment_time_rotation.png,b,8,"('b', 8)",ratio1,ratio2,date,time,treatment,rotation,0.0,0.0,0.0,0.0,0.0,0.0,0.0,0.0,0.0,0,0,0,0.0,0.0,0.0,0,0,0
P123_type_ratio1_ratio2_ND_date_treatment_time_rotation.png,b,7,"('b', 7)",ratio1,ratio2,date,time,treatment,rotation,0.0,0.0,0.0,0.0,0.0,0.0,0.0,0.0,0.0,0,0,0,0.0,0.0,0.0,0,0,0
P123_type_ratio1_ratio2_ND_date_treatment_time_rotation.png,b,6,"('b', 6)",ratio1,ratio2,date,time,treatment,rotation,5.14852705283259,2.614273711012094,2.5342533418204964,3.3920448305156525,1.7223826418689476,1.6696621886467047,2.066924505093954,1.0495247166548214,1.0173997884391326,2.4021539968499876,1.2197445947793,1.1824094020706877,3.3920448305156525,1.7223826418689476,1.6696621886467047,2.4021539968499876,1.2197445947793,1.1824094020706877
P123_type_ratio1_ratio2_ND_date_treatment_time_rotation.png,b,5,"('b', 5)",ratio1,ratio2,date,time,treatment,rotation,6.415653723742839,2.4880560152768934,3.927597708465945,4.226875924839005,1.6392256383328325,2.587650286506172,2.57562439931352,0.9988534381290441,1.576770961184476,2.9933586978853315,1.1608550640121076,1.8325036338732241,4.226875924839005,1.6392256383328325,2.587650286506172,2.9933586978853315,1.1608550640121076,1.8325036338732241
P123_type_ratio1_ratio2_ND_date_treatment_time_rotation.png,b,4,"('b', 4)",ratio1,ratio2,date,time,treatment,rotation,0.0016499045194143856,0.0,0.0016499045194143856,0.0010870196540668652,0.0,0.0010870196540668652,0.0006623696539317269,0.0,0.0006623696539317269,0,0,0,0.0010870196540668652,0.0,0.0010870196540668652,0,0,0
P123_type_ratio1_ratio2_ND_date_treatment_time_rotation.png,b,3,"('b', 3)",ratio1,ratio2,date,time,treatment,rotation,0.0016499045194143856,0.0,0.0016499045194143856,0.0010870196540668652,0.0,0.0010870196540668652,0.0006623696539317269,0.0,0.0006623696539317269,0,0,0,0.0010870196540668652,0.0,0.0010870196540668652,0,0,0
P123_type_ratio1_ratio2_ND_date_treatment_time_rotation.png,b,2,"('b', 2)",ratio1,ratio2,date,time,treatment,rotation,0.0,0.0,0.0,0.0,0.0,0.0,0.0,0.0,0.0,0,0,0,0.0,0.0,0.0,0,0,0
P123_type_ratio1_ratio2_ND_date_treatment_time_rotation.png,b,1,"('b', 1)",ratio1,ratio2,date,time,treatment,rotation,0.38112794398472305,0.0,0.38112794398472305,0.25110154008944585,0.0,0.25110154008944585,0.15300739005822891,0.0,0.15300739005822891,0,0,0,0.25110154008944585,0.0,0.25110154008944585,0,0,0
P123_type_ratio1_ratio2_ND_date_treatment_time_rotation.png,c,12,"('c', 12)",ratio1,ratio2,date,time,treatment,rotation,1.2382533418204964,0.0,1.2382533418204964,0.8158082503771823,0.0,0.8158082503771823,0.49710842527576105,0.0,0.49710842527576105,0,0,0,0.8158082503771823,0.0,0.8158082503771823,0,0,0
P123_type_ratio1_ratio2_ND_date_treatment_time_rotation.png,c,11,"('c', 11)",ratio1,ratio2,date,time,treatment,rotation,0.0115493316359007,0.0,0.0115493316359007,0.007609137578468056,0.0,0.007609137578468056,0.0046365875775220885,0.0,0.0046365875775220885,0,0,0,0.007609137578468056,0.0,0.007609137578468056,0,0,0
P123_type_ratio1_ratio2_ND_date_treatment_time_rotation.png,c,10,"('c', 10)",ratio1,ratio2,date,time,treatment,rotation,0.030523233609166135,0.0,0.030523233609166135,0.020109863600237005,0.0,0.020109863600237005,0.012253838597736948,0.0,0.012253838597736948,0,0,0,0.020109863600237005,0.0,0.020109863600237005,0,0,0
P123_type_ratio1_ratio2_ND_date_treatment_time_rotation.png,c,9,"('c', 9)",ratio1,ratio2,date,time,treatment,rotation,14.124832590706555,4.221280712921706,9.90355187778485,9.305975258466432,2.7811397849300743,6.524835473536358,5.6705466073095145,1.6946727595843234,3.975873847725191,9.305975258466432,2.7811397849300743,6.524835473536358,9.305975258466432,2.7811397849300743,6.524835473536358,6.59023886141091,1.96952764010277,4.62071122130814
P123_type_ratio1_ratio2_ND_date_treatment_time_rotation.png,c,8,"('c', 8)",ratio1,ratio2,date,time,treatment,rotation,9.23616549968173,2.4880560152768934,6.7481094844048375,6.085136023466311,1.6392256383328325,4.4459103851334785,3.7079453227098074,0.9988534381290441,2.709091884580763,4.309328016140436,1.1608550640121076,3.1484729521283286,6.085136023466311,1.6392256383328325,4.4459103851334785,4.309328016140436,1.1608550640121076,3.1484729521283286
P123_type_ratio1_ratio2_ND_date_treatment_time_rotation.png,c,7,"('c', 7)",ratio1,ratio2,date,time,treatment,rotation,0.00577466581795035,0.0,0.00577466581795035,0.003804568789234028,0.0,0.003804568789234028,0.0023182937887610442,0.0,0.0023182937887610442,0,0,0,0.003804568789234028,0.0,0.003804568789234028,0,0,0
P123_type_ratio1_ratio2_ND_date_treatment_time_rotation.png,c,6,"('c', 6)",ratio1,ratio2,date,time,treatment,rotation,0.004124761298535964,0.0,0.004124761298535964,0.0027175491351671627,0.0,0.0027175491351671627,0.0016559241348293172,0.0,0.0016559241348293172,0,0,0,0.0027175491351671627,0.0,0.0027175491351671627,0,0,0
P123_type_ratio1_ratio2_ND_date_treatment_time_rotation.png,c,5,"('c', 5)",ratio1,ratio2,date,time,treatment,rotation,0.0065996180776575425,0.0,0.0065996180776575425,0.004348078616267461,0.0,0.004348078616267461,0.0026494786157269076,0.0,0.0026494786157269076,0,0,0,0.004348078616267461,0.0,0.004348078616267461,0,0,0
P123_type_ratio1_ratio2_ND_date_treatment_time_rotation.png,c,4,"('c', 4)",ratio1,ratio2,date,time,treatment,rotation,0.00577466581795035,0.0,0.00577466581795035,0.003804568789234028,0.0,0.003804568789234028,0.0023182937887610442,0.0,0.0023182937887610442,0,0,0,0.003804568789234028,0.0,0.003804568789234028,0,0,0
P123_type_ratio1_ratio2_ND_date_treatment_time_rotation.png,c,3,"('c', 3)",ratio1,ratio2,date,time,treatment,rotation,0.0024748567791215786,0.0,0.0024748567791215786,0.0016305294811002975,0.0,0.0016305294811002975,0.0009935544808975904,0.0,0.0009935544808975904,0,0,0,0.0016305294811002975,0.0,0.0016305294811002975,0,0,0
P123_type_ratio1_ratio2_ND_date_treatment_time_rotation.png,c,2,"('c', 2)",ratio1,ratio2,date,time,treatment,rotation,0.0032998090388287713,0.0,0.0032998090388287713,0.0021740393081337303,0.0,0.0021740393081337303,0.0013247393078634538,0.0,0.0013247393078634538,0,0,0,0.0021740393081337303,0.0,0.0021740393081337303,0,0,0
P123_type_ratio1_ratio2_ND_date_treatment_time_rotation.png,c,1,"('c', 1)",ratio1,ratio2,date,time,treatment,rotation,0.457848504137492,0.0,0.457848504137492,0.30164795400355504,0.0,0.30164795400355504,0.1838075789660542,0.0,0.1838075789660542,0,0,0,0.30164795400355504,0.0,0.30164795400355504,0,0,0
P123_type_ratio1_ratio2_ND_date_treatment_time_rotation.png,d,12,"('d', 12)",ratio1,ratio2,date,time,treatment,rotation,6.1038217695735195,2.392361553150859,3.7114602164226604,4.021429210220368,1.5761784983969545,2.445250711823413,2.4504365347204238,0.960435998201004,1.4900005365194198,2.847866915989915,1.1162067923193342,1.7316601236705809,4.021429210220368,1.5761784983969545,2.445250711823413,2.847866915989915,1.1162067923193342,1.7316601236705809
P123_type_ratio1_ratio2_ND_date_treatment_time_rotation.png,d,11,"('d', 11)",ratio1,ratio2,date,time,treatment,rotation,0.009899427116486314,0.0,0.009899427116486314,0.00652211792440119,0.0,0.00652211792440119,0.003974217923590362,0.0,0.003974217923590362,0,0,0,0.00652211792440119,0.0,0.00652211792440119,0,0,0
P123_type_ratio1_ratio2_ND_date_treatment_time_rotation.png,d,10,"('d', 10)",ratio1,ratio2,date,time,treatment,rotation,9.038176957352004,2.214996817313813,6.8231801400381915,5.954693664978287,1.4593238855847663,4.495369779393521,3.628460964238,0.8892312604033433,2.7392297038346567,4.216952281603664,1.0334535301301422,3.183498751473522,5.954693664978287,1.4593238855847663,4.495369779393521,4.216952281603664,1.0334535301301422,3.183498751473522
P123_type_ratio1_ratio2_ND_date_treatment_time_rotation.png,d,9,"('d', 9)",ratio1,ratio2,date,time,treatment,rotation,0.0016499045194143856,0.0,0.0016499045194143856,0.0010870196540668652,0.0,0.0010870196540668652,0.0006623696539317269,0.0,0.0006623696539317269,0,0,0,0.0010870196540668652,0.0,0.0010870196540668652,0,0,0
P123_type_ratio1_ratio2_ND_date_treatment_time_rotation.png,d,8,"('d', 8)",ratio1,ratio2,date,time,treatment,rotation,0.19056397199236152,0.0,0.19056397199236152,0.12555077004472293,0.0,0.12555077004472293,0.07650369502911446,0.0,0.07650369502911446,0,0,0,0.12555077004472293,0.0,0.12555077004472293,0,0,0
P123_type_ratio1_ratio2_ND_date_treatment_time_rotation.png,d,7,"('d', 7)",ratio1,ratio2,date,time,treatment,rotation,10.039669000636536,2.5012552514322084,7.538413749204328,6.614514594996874,1.6479217955653676,4.966592799431506,4.030519344174558,1.004152395360498,3.02636694881406,4.6842195388021715,1.167013446314559,3.517206092487612,6.614514594996874,1.6479217955653676,4.966592799431506,4.6842195388021715,1.167013446314559,3.517206092487612
P123_type_ratio1_ratio2_ND_date_treatment_time_rotation.png,d,6,"('d', 6)",ratio1,ratio2,date,time,treatment,rotation,8.318818586887332,2.3684379376193507,5.950380649267982,5.480753095805134,1.560416713412985,3.920336382392149,3.339667795123767,0.950831638218994,2.388836156904773,3.881320446120057,1.1050447243961408,2.7762757217239162,5.480753095805134,1.560416713412985,3.920336382392149,3.881320446120057,1.1050447243961408,2.7762757217239162
P123_type_ratio1_ratio2_ND_date_treatment_time_rotation.png,d,5,"('d', 5)",ratio1,ratio2,date,time,treatment,rotation,0.004124761298535964,0.0,0.004124761298535964,0.0027175491351671627,0.0,0.0027175491351671627,0.0016559241348293172,0.0,0.0016559241348293172,0,0,0,0.0027175491351671627,0.0,0.0027175491351671627,0,0,0
P123_type_ratio1_ratio2_ND_date_treatment_time_rotation.png,d,4,"('d', 4)",ratio1,ratio2,date,time,treatment,rotation,0.0032998090388287713,0.0,0.0032998090388287713,0.0021740393081337303,0.0,0.0021740393081337303,0.0013247393078634538,0.0,0.0013247393078634538,0,0,0,0.0021740393081337303,0.0,0.0021740393081337303,0,0,0
P123_type_ratio1_ratio2_ND_date_treatment_time_rotation.png,d,3,"('d', 3)",ratio1,ratio2,date,time,treatment,rotation,0.056921705919796305,0.004949713558243157,0.05197199236155315,0.03750217806530685,0.003261058962200595,0.03424111910310625,0.02285175306064458,0.001987108961795181,0.0208646440988494,0.615929123959015,0.05355905425730565,0.5623700697017093,0.03750217806530685,0.003261058962200595,0.03424111910310625,0.615929123959015,0.05355905425730565,0.5623700697017093
P123_type_ratio1_ratio2_ND_date_treatment_time_rotation.png,d,2,"('d', 2)",ratio1,ratio2,date,time,treatment,rotation,0.007424570337364735,0.0,0.007424570337364735,0.004891588443300893,0.0,0.004891588443300893,0.002980663442692771,0.0,0.002980663442692771,0,0,0,0.004891588443300893,0.0,0.004891588443300893,0,0,0
P123_type_ratio1_ratio2_ND_date_treatment_time_rotation.png,d,1,"('d', 1)",ratio1,ratio2,date,time,treatment,rotation,1.5451355824315722,0.0,1.5451355824315722,1.0179939060336192,0.0,1.0179939060336192,0.6203091809070622,0.0,0.6203091809070622,0,0,0,1.0179939060336192,0.0,1.0179939060336192,0,0,0
P123_type_ratio1_ratio2_ND_date_treatment_time_rotation.png,e,12,"('e', 12)",ratio1,ratio2,date,time,treatment,rotation,1.3925194143857416,0.0,1.3925194143857416,0.9174445880324341,0.0,0.9174445880324341,0.5590399879183775,0.0,0.5590399879183775,0,0,0,0.9174445880324341,0.0,0.9174445880324341,0,0,0
P123_type_ratio1_ratio2_ND_date_treatment_time_rotation.png,e,11,"('e', 11)",ratio1,ratio2,date,time,treatment,rotation,24.74444302991725,6.220140038192234,18.524302991725015,16.30257726186781,4.098064095832082,12.204513166035728,9.933888884841075,2.4971335953226106,7.436755289518464,41.952248518061744,10.545756086887334,31.406492431174414,16.30257726186781,4.098064095832082,12.204513166035728,24.74444302991725,6.220140038192234,18.524302991725015
P123_type_ratio1_ratio2_ND_date_treatment_time_rotation.png,e,10,"('e', 10)",ratio1,ratio2,date,time,treatment,rotation,0.024748567791215783,0.0,0.024748567791215783,0.016305294811002975,0.0,0.016305294811002975,0.009935544808975903,0.0,0.009935544808975903,0,0,0,0.016305294811002975,0.0,0.016305294811002975,0,0,0
P123_type_ratio1_ratio2_ND_date_treatment_time_rotation.png,e,9,"('e', 9)",ratio1,ratio2,date,time,treatment,rotation,23.775949077021004,5.216998090388287,18.558950986632716,15.66449672493056,3.4371561461594275,12.227340578771132,9.54507789798315,2.0944128457321205,7.45066505225103,23.775949077021004,5.216998090388287,18.558950986632716,15.66449672493056,3.4371561461594275,12.227340578771132,15.66449672493056,3.4371561461594275,12.227340578771132
P123_type_ratio1_ratio2_ND_date_treatment_time_rotation.png,e,8,"('e', 8)",ratio1,ratio2,date,time,treatment,rotation,24.065507320178227,3.6586632718014003,20.40684404837683,15.855268674219294,2.410466082893273,13.44480259132602,9.661323772248169,1.4688047075936044,8.192519064654565,15.855268674219294,2.410466082893273,13.44480259132602,15.855268674219294,2.410466082893273,13.44480259132602,11.228270532944695,1.7070265944607748,9.52124393848392
P123_type_ratio1_ratio2_ND_date_treatment_time_rotation.png,e,7,"('e', 7)",ratio1,ratio2,date,time,treatment,rotation,0.01484914067472947,0.0,0.01484914067472947,0.009783176886601786,0.0,0.009783176886601786,0.005961326885385542,0.0,0.005961326885385542,0,0,0,0.009783176886601786,0.0,0.009783176886601786,0,0,0
P123_type_ratio1_ratio2_ND_date_treatment_time_rotation.png,e,6,"('e', 6)",ratio1,ratio2,date,time,treatment,rotation,8.121654996817313,2.6513965626989178,5.470258434118396,5.350854247144143,1.7468405840854522,3.604013663058691,3.260514621478926,1.0644280338682852,2.196086587610641,3.789329610477188,1.2370650450049447,2.552264565472243,5.350854247144143,1.7468405840854522,3.604013663058691,3.789329610477188,1.2370650450049447,2.552264565472243
P123_type_ratio1_ratio2_ND_date_treatment_time_rotation.png,e,5,"('e', 5)",ratio1,ratio2,date,time,treatment,rotation,0.0024748567791215786,0.0,0.0024748567791215786,0.0016305294811002975,0.0,0.0016305294811002975,0.0009935544808975904,0.0,0.0009935544808975904,0,0,0,0.0016305294811002975,0.0,0.0016305294811002975,0,0,0
P123_type_ratio1_ratio2_ND_date_treatment_time_rotation.png,e,4,"('e', 4)",ratio1,ratio2,date,time,treatment,rotation,0.015674092934436664,0.0,0.015674092934436664,0.010326686713635218,0.0,0.010326686713635218,0.006292511712351406,0.0,0.006292511712351406,0,0,0,0.010326686713635218,0.0,0.010326686713635218,0,0,0
P123_type_ratio1_ratio2_ND_date_treatment_time_rotation.png,e,3,"('e', 3)",ratio1,ratio2,date,time,treatment,rotation,0.06929598981540419,0.0,0.06929598981540419,0.04565482547080833,0.0,0.04565482547080833,0.02781952546513253,0.0,0.02781952546513253,0,0,0,0.04565482547080833,0.0,0.04565482547080833,0,0,0
P123_type_ratio1_ratio2_ND_date_treatment_time_rotation.png,e,2,"('e', 2)",ratio1,ratio2,date,time,treatment,rotation,0.009899427116486314,0.0,0.009899427116486314,0.00652211792440119,0.0,0.00652211792440119,0.003974217923590362,0.0,0.003974217923590362,0,0,0,0.00652211792440119,0.0,0.00652211792440119,0,0,0
P123_type_ratio1_ratio2_ND_date_treatment_time_rotation.png,e,1,"('e', 1)",ratio1,ratio2,date,time,treatment,rotation,27.2737466581795,8.027610439210694,19.246136218968807,17.968978391552312,5.288894126862332,12.680084264689981,10.949301564318413,3.2227595512048173,7.726542013113594,46.240483022358376,13.610179374204328,32.63030364815404,17.968978391552312,5.288894126862332,12.680084264689981,12.725142331334313,3.7454511365722207,8.979691194762092
P123_type_ratio1_ratio2_ND_date_treatment_time_rotation.png,f,12,"('f', 12)",ratio1,ratio2,date,time,treatment,rotation,12.979798854232971,4.601583704646721,8.37821514958625,8.551583618544027,3.0316978151924867,5.519885803351541,5.210862067480895,1.8473489648155863,3.3635131026653093,12.979798854232971,4.601583704646721,8.37821514958625,8.551583618544027,3.0316978151924867,5.519885803351541,8.551583618544027,3.0316978151924867,5.519885803351541
P123_type_ratio1_ratio2_ND_date_treatment_time_rotation.png,f,11,"('f', 11)",ratio1,ratio2,date,time,treatment,rotation,13.091167409293442,2.9195060471037553,10.171661362189687,8.624957445193541,1.9234812778713177,6.701476167322223,5.255572019121288,1.1720631026321908,4.083508916489096,8.624957445193541,1.9234812778713177,6.701476167322223,8.624957445193541,1.9234812778713177,6.701476167322223,8.624957445193541,1.9234812778713177,6.701476167322223
P123_type_ratio1_ratio2_ND_date_treatment_time_rotation.png,f,10,"('f', 10)",ratio1,ratio2,date,time,treatment,rotation,0.013199236155315085,0.0,0.013199236155315085,0.008696157232534921,0.0,0.008696157232534921,0.005298957231453815,0.0,0.005298957231453815,0,0,0,0.008696157232534921,0.0,0.008696157232534921,0,0,0
P123_type_ratio1_ratio2_ND_date_treatment_time_rotation.png,f,9,"('f', 9)",ratio1,ratio2,date,time,treatment,rotation,0.06517122851686823,0.0,0.06517122851686823,0.04293727633564117,0.0,0.04293727633564117,0.026163601330303213,0.0,0.026163601330303213,0,0,0,0.04293727633564117,0.0,0.04293727633564117,0,0,0
P123_type_ratio1_ratio2_ND_date_treatment_time_rotation.png,f,8,"('f', 8)",ratio1,ratio2,date,time,treatment,rotation,0.022273711012094206,0.0,0.022273711012094206,0.01467476532990268,0.0,0.01467476532990268,0.008941990328078313,0.0,0.008941990328078313,0,0,0,0.01467476532990268,0.0,0.01467476532990268,0,0,0
P123_type_ratio1_ratio2_ND_date_treatment_time_rotation.png,f,7,"('f', 7)",ratio1,ratio2,date,time,treatment,rotation,13.863322724379374,2.126726925525143,11.736595798854232,9.133682643296833,1.401168334092189,7.732514309204645,5.565561017161335,0.853794483917996,4.711766533243339,6.468225912043589,0.9922693484824977,5.475956563561092,9.133682643296833,1.401168334092189,7.732514309204645,6.468225912043589,0.9922693484824977,5.475956563561092
P123_type_ratio1_ratio2_ND_date_treatment_time_rotation.png,f,6,"('f', 6)",ratio1,ratio2,date,time,treatment,rotation,27.55918014003819,4.1742584341183955,23.384921705919794,18.15703279170588,2.7501597247891687,15.406873066916713,11.063891514448601,1.6757952244472691,9.388096290001332,27.55918014003819,4.1742584341183955,23.384921705919794,18.15703279170588,2.7501597247891687,15.406873066916713,27.55918014003819,4.1742584341183955,23.384921705919794
P123_type_ratio1_ratio2_ND_date_treatment_time_rotation.png,f,5,"('f', 5)",ratio1,ratio2,date,time,treatment,rotation,0.13116740929344364,0.0,0.13116740929344364,0.08641806249831577,0.0,0.08641806249831577,0.05265838748757229,0.0,0.05265838748757229,0,0,0,0.08641806249831577,0.0,0.08641806249831577,0,0,0
P123_type_ratio1_ratio2_ND_date_treatment_time_rotation.png,f,4,"('f', 4)",ratio1,ratio2,date,time,treatment,rotation,0.0024748567791215786,0.0,0.0024748567791215786,0.0016305294811002975,0.0,0.0016305294811002975,0.0009935544808975904,0.0,0.0009935544808975904,0,0,0,0.0016305294811002975,0.0,0.0016305294811002975,0,0,0
P123_type_ratio1_ratio2_ND_date_treatment_time_rotation.png,f,3,"('f', 3)",ratio1,ratio2,date,time,treatment,rotation,30.367317632081473,6.240763844684913,24.12655378739656,20.007140242927687,4.111651841507917,15.895488401419769,12.191244665440399,2.5054132159967573,9.685831449443643,30.367317632081473,6.240763844684913,24.12655378739656,20.007140242927687,4.111651841507917,15.895488401419769,10.557345541146162,2.1696318768512324,8.38771366429493
P123_type_ratio1_ratio2_ND_date_treatment_time_rotation.png,f,2,"('f', 2)",ratio1,ratio2,date,time,treatment,rotation,0.09156970082749841,0.0,0.09156970082749841,0.060329590800711014,0.0,0.060329590800711014,0.036761515793210846,0.0,0.036761515793210846,0,0,0,0.060329590800711014,0.0,0.060329590800711014,0,0,0
P123_type_ratio1_ratio2_ND_date_treatment_time_rotation.png,f,1,"('f', 1)",ratio1,ratio2,date,time,treatment,rotation,0.6162393380012731,0.0,0.6162393380012731,0.4060018407939741,0.0,0.4060018407939741,0.2473950657435,0.0,0.2473950657435,0,0,0,0.4060018407939741,0.0,0.4060018407939741,0,0,0
P123_type_ratio1_ratio2_ND_date_treatment_time_rotation.png,g,12,"('g', 12)",ratio1,ratio2,date,time,treatment,rotation,10.554439210693825,3.89377466581795,6.660664544875875,6.953664727065736,2.5653663835978016,4.388298343467934,4.237178676201257,1.5631923832788754,2.6739862929223817,10.554439210693825,3.89377466581795,6.660664544875875,6.953664727065736,2.5653663835978016,4.388298343467934,6.953664727065736,2.5653663835978016,4.388298343467934
P123_type_ratio1_ratio2_ND_date_treatment_time_rotation.png,g,11,"('g', 11)",ratio1,ratio2,date,time,treatment,rotation,0.05114704010184595,0.0,0.05114704010184595,0.03369760927607282,0.0,0.03369760927607282,0.020533459271883533,0.0,0.020533459271883533,0,0,0,0.03369760927607282,0.0,0.03369760927607282,0,0,0
P123_type_ratio1_ratio2_ND_date_treatment_time_rotation.png,g,10,"('g', 10)",ratio1,ratio2,date,time,treatment,rotation,0.014024188415022277,0.0,0.014024188415022277,0.009239667059568354,0.0,0.009239667059568354,0.005630142058419679,0.0,0.005630142058419679,0,0,0,0.009239667059568354,0.0,0.009239667059568354,0,0,0
P123_type_ratio1_ratio2_ND_date_treatment_time_rotation.png,g,9,"('g', 9)",ratio1,ratio2,date,time,treatment,rotation,27.316644175684274,6.447826861871419,20.868817313812855,17.99724090255805,4.248072808093308,13.749168094464743,10.966523175320637,2.588540607565189,8.377982567755447,27.316644175684274,6.447826861871419,20.868817313812855,17.99724090255805,4.248072808093308,13.749168094464743,17.99724090255805,4.248072808093308,13.749168094464743
P123_type_ratio1_ratio2_ND_date_treatment_time_rotation.png,g,8,"('g', 8)",ratio1,ratio2,date,time,treatment,rotation,0.01979885423297263,0.0,0.01979885423297263,0.01304423584880238,0.0,0.01304423584880238,0.007948435847180723,0.0,0.007948435847180723,0,0,0,0.01304423584880238,0.0,0.01304423584880238,0,0,0
P123_type_ratio1_ratio2_ND_date_treatment_time_rotation.png,g,7,"('g', 7)",ratio1,ratio2,date,time,treatment,rotation,0.3778281349458943,0.0,0.3778281349458943,0.2489275007813121,0.0,0.2489275007813121,0.15168265075036547,0.0,0.15168265075036547,0,0,0,0.2489275007813121,0.0,0.2489275007813121,0,0,0
P123_type_ratio1_ratio2_ND_date_treatment_time_rotation.png,g,6,"('g', 6)",ratio1,ratio2,date,time,treatment,rotation,36.76812221514958,7.629983450031826,29.138138765117755,24.22423299088009,5.026922390232218,19.19731060064787,14.760907737868534,3.063128464607271,11.697779273261263,127.97993085580585,26.55791744414064,101.4220134116652,24.22423299088009,5.026922390232218,19.19731060064787,36.76812221514958,7.629983450031826,29.138138765117755
P123_type_ratio1_ratio2_ND_date_treatment_time_rotation.png,g,5,"('g', 5)",ratio1,ratio2,date,time,treatment,rotation,0.0016499045194143856,0.0,0.0016499045194143856,0.0010870196540668652,0.0,0.0010870196540668652,0.0006623696539317269,0.0,0.0006623696539317269,0,0,0,0.0010870196540668652,0.0,0.0010870196540668652,0,0,0
P123_type_ratio1_ratio2_ND_date_treatment_time_rotation.png,g,4,"('g', 4)",ratio1,ratio2,date,time,treatment,rotation,6.627666454487587,1.9864850413749202,4.641181413112666,4.366557950386597,1.3087716634965056,3.0577862868900914,2.660738899843747,0.7974930633337992,1.8632458365099478,4.366557950386597,1.3087716634965056,3.0577862868900914,4.366557950386597,1.3087716634965056,3.0577862868900914,4.366557950386597,1.3087716634965056,3.0577862868900914
P123_type_ratio1_ratio2_ND_date_treatment_time_rotation.png,g,3,"('g', 3)",ratio1,ratio2,date,time,treatment,rotation,24.54975429662635,6.1005219605346905,18.44923233609166,16.17430894268792,4.019255170912234,12.155053771775686,9.85572926567713,2.44911179541256,7.40661747026457,24.54975429662635,6.1005219605346905,18.44923233609166,16.17430894268792,4.019255170912234,12.155053771775686,16.17430894268792,4.019255170912234,12.155053771775686
P123_type_ratio1_ratio2_ND_date_treatment_time_rotation.png,g,2,"('g', 2)",ratio1,ratio2,date,time,treatment,rotation,0.0065996180776575425,0.0,0.0065996180776575425,0.004348078616267461,0.0,0.004348078616267461,0.0026494786157269076,0.0,0.0026494786157269076,0,0,0,0.004348078616267461,0.0,0.004348078616267461,0,0,0
P123_type_ratio1_ratio2_ND_date_treatment_time_rotation.png,g,1,"('g', 1)",ratio1,ratio2,date,time,treatment,rotation,7.2026581795035005,3.0943959261616802,4.10826225334182,4.745384299828899,2.0387053612024055,2.706678938626494,2.891574724238954,1.2422742859489537,1.64930043829,2.504039116561548,1.0757817805775245,1.4282573359840234,4.745384299828899,2.0387053612024055,2.706678938626494,2.504039116561548,1.0757817805775245,1.4282573359840234
P123_type_ratio1_ratio2_ND_date_treatment_time_rotation.png,h,12,"('h', 12)",ratio1,ratio2,date,time,treatment,rotation,1.2423781031190324,0.0,1.2423781031190324,0.8185257995123494,0.0,0.8185257995123494,0.4987643494105904,0.0,0.4987643494105904,0,0,0,0.8185257995123494,0.0,0.8185257995123494,0,0,0
P123_type_ratio1_ratio2_ND_date_treatment_time_rotation.png,h,11,"('h', 11)",ratio1,ratio2,date,time,treatment,rotation,11.748145130490133,5.373739019732654,6.374406110757479,7.740123446783113,3.5404230132957797,4.199700433487333,4.716403120820861,2.1573379628556344,2.559065157965227,11.748145130490133,5.373739019732654,6.374406110757479,7.740123446783113,3.5404230132957797,4.199700433487333,5.481345148075737,2.5072313948855665,2.9741137531901707
P123_type_ratio1_ratio2_ND_date_treatment_time_rotation.png,h,10,"('h', 10)",ratio1,ratio2,date,time,treatment,rotation,0.4133010821133036,0.0008249522597071928,0.4124761298535964,0.2722984233437497,0.0005435098270334326,0.27175491351671627,0.16592359830989759,0.00033118482696586346,0.16559241348293172,4.472181030485022,0.008926509042884275,4.4632545214421375,0.2722984233437497,0.0005435098270334326,0.27175491351671627,4.472181030485022,0.008926509042884275,4.4632545214421375
P123_type_ratio1_ratio2_ND_date_treatment_time_rotation.png,h,9,"('h', 9)",ratio1,ratio2,date,time,treatment,rotation,0.7630808402291533,0.013199236155315085,0.7498816040738383,0.5027465900059251,0.008696157232534921,0.49405043277339017,0.3063459649434237,0.005298957231453815,0.3010470077119699,8.257020864667954,0.1428241446861484,8.114196719981805,0.5027465900059251,0.008696157232534921,0.49405043277339017,8.257020864667954,0.1428241446861484,8.114196719981805
P123_type_ratio1_ratio2_ND_date_treatment_time_rotation.png,h,8,"('h', 8)",ratio1,ratio2,date,time,treatment,rotation,6.362856779121578,2.455882877148313,3.906973901973265,4.192091295908865,1.6180287550785286,2.5740625408303366,2.5544285703877048,0.9859372298773755,1.5684913405103293,2.9687251686755256,1.1458440071498819,1.8228811615256437,4.192091295908865,1.6180287550785286,2.5740625408303366,2.9687251686755256,1.1458440071498819,1.8228811615256437
P123_type_ratio1_ratio2_ND_date_treatment_time_rotation.png,h,7,"('h', 7)",ratio1,ratio2,date,time,treatment,rotation,5.738367918523233,2.0335073201782303,3.704860598345003,3.7806543568445568,1.3397517236374112,2.4409026332071457,2.303721656374546,0.8163705984708535,1.4873510579036928,3.7806543568445568,1.3397517236374112,2.4409026332071457,3.7806543568445568,1.3397517236374112,2.4409026332071457,3.7806543568445568,1.3397517236374112,2.4409026332071457
P123_type_ratio1_ratio2_ND_date_treatment_time_rotation.png,h,6,"('h', 6)",ratio1,ratio2,date,time,treatment,rotation,5.928106938255888,2.146525779758116,3.781581158497772,3.9056616170622465,1.4142125699409915,2.4914490471212547,2.379894166576695,0.8617429197651767,1.5181512468115181,2.7658834515885293,1.001506921936175,1.7643765296523544,3.9056616170622465,1.4142125699409915,2.4914490471212547,2.7658834515885293,1.001506921936175,1.7643765296523544
P123_type_ratio1_ratio2_ND_date_treatment_time_rotation.png,h,5,"('h', 5)",ratio1,ratio2,date,time,treatment,rotation,10.631984723106301,3.7700318268618713,6.861952896244429,7.004754650806879,2.4838399095427866,4.520914741264092,4.268310049936048,1.513514659233996,2.754795390702052,115.04484854469254,40.79414632598114,74.2507022187114,7.004754650806879,2.4838399095427866,4.520914741264092,4.960576944624682,1.7589879451377093,3.201588999486973
P123_type_ratio1_ratio2_ND_date_treatment_time_rotation.png,h,4,"('h', 4)",ratio1,ratio2,date,time,treatment,rotation,7.376723106301718,2.3890617441120305,4.987661362189688,4.860064873332954,1.5740044590888207,3.286060414244133,2.961454722728751,0.9591112588931405,2.0023434638356106,3.4417659092825814,1.1146671967437212,2.3270987125388602,4.860064873332954,1.5740044590888207,3.286060414244133,3.4417659092825814,1.1146671967437212,2.3270987125388602
P123_type_ratio1_ratio2_ND_date_treatment_time_rotation.png,h,3,"('h', 3)",ratio1,ratio2,date,time,treatment,rotation,7.540888605983449,2.982202418841502,4.558686187141947,4.9682233289126065,1.9647880247258587,3.0034353041867483,3.027360503294958,1.1972331494815964,1.8301273538133616,7.540888605983449,2.982202418841502,4.558686187141947,4.9682233289126065,1.9647880247258587,3.0034353041867483,2.6216265679176622,1.0367771625667157,1.5848494053509465
P123_type_ratio1_ratio2_ND_date_treatment_time_rotation.png,h,2,"('h', 2)",ratio1,ratio2,date,time,treatment,rotation,0.41990070019096115,0.0,0.41990070019096115,0.27664650196001717,0.0,0.27664650196001717,0.1685730769256245,0.0,0.1685730769256245,0,0,0,0.27664650196001717,0.0,0.27664650196001717,0,0,0
P123_type_ratio1_ratio2_ND_date_treatment_time_rotation.png,h,1,"('h', 1)",ratio1,ratio2,date,time,treatment,rotation,0.15261616804583067,0.0,0.15261616804583067,0.10054931800118502,0.0,0.10054931800118502,0.06126919298868474,0.0,0.06126919298868474,0,0,0,0.10054931800118502,0.0,0.10054931800118502,0,0,0
